Code,"Indicator Name","Long definition","Source"
SE.PRM.TENR,"Adjusted net enrollment rate, primary (% of primary school age children)","Adjusted net enrollment is the number of pupils of the school-age group for primary education, enrolled either in primary or secondary education, expressed as a percentage of the total population in that age group.","United Nations Educational, Scientific, and Cultural Organization (UNESCO) Institute for Statistics."
SE.PRM.TENR.MA,"Adjusted net enrollment rate, primary, male (% of primary school age children)","Adjusted net enrollment is the number of pupils of the school-age group for primary education, enrolled either in primary or secondary education, expressed as a percentage of the total population in that age group.","United Nations Educational, Scientific, and Cultural Organization (UNESCO) Institute for Statistics."
SE.PRM.TENR.FE,"Adjusted net enrollment rate, primary, female (% of primary school age children)","Adjusted net enrollment is the number of pupils of the school-age group for primary education, enrolled either in primary or secondary education, expressed as a percentage of the total population in that age group.","United Nations Educational, Scientific, and Cultural Organization (UNESCO) Institute for Statistics."
SE.ADT.LITR.ZS,"Literacy rate, adult total (% of people ages 15 and above)","Adult literacy rate is the percentage of people ages 15 and above who can both read and write with understanding a short simple statement about their everyday life.","United Nations Educational, Scientific, and Cultural Organization (UNESCO) Institute for Statistics."
SE.PRM.UNER.ZS,"Children out of school (% of primary school age)","Children out of school are the percentage of primary-school-age children who are not enrolled in primary or secondary school. Children in the official primary age group that are in preprimary education should be considered out of school.","United Nations Educational, Scientific, and Cultural Organization (UNESCO) Institute for Statistics."
SE.PRM.UNER.FE.ZS,"Children out of school, female (% of female primary school age)","Children out of school are the percentage of primary-school-age children who are not enrolled in primary or secondary school. Children in the official primary age group that are in preprimary education should be considered out of school.","United Nations Educational, Scientific, and Cultural Organization (UNESCO) Institute for Statistics."
SE.XPD.CPRM.ZS,"Current education expenditure, primary (% of total expenditure in primary public institutions)","Current expenditure is expressed as a percentage of direct expenditure in public educational institutions (instructional and non-instructional) of the specified level of education. Financial aid to students and other transfers are excluded from direct expenditure. Current expenditure is consumed within the current year and would have to be renewed if needed in the following year. It includes staff compensation and current expenditure other than for staff compensation (ex. on teaching materials, ancillary services and administration).","United Nations Educational, Scientific, and Cultural Organization (UNESCO) Institute for Statistics."
SE.XPD.CSEC.ZS,"Current education expenditure, secondary (% of total expenditure in secondary public institutions)","Current expenditure is expressed as a percentage of direct expenditure in public educational institutions (instructional and non-instructional) of the specified level of education. Financial aid to students and other transfers are excluded from direct expenditure. Current expenditure is consumed within the current year and would have to be renewed if needed in the following year. It includes staff compensation and current expenditure other than for staff compensation (ex. on teaching materials, ancillary services and administration).","United Nations Educational, Scientific, and Cultural Organization (UNESCO) Institute for Statistics."
SE.XPD.CTER.ZS,"Current education expenditure, tertiary (% of total expenditure in tertiary public institutions)","Current expenditure is expressed as a percentage of direct expenditure in public educational institutions (instructional and non-instructional) of the specified level of education. Financial aid to students and other transfers are excluded from direct expenditure. Current expenditure is consumed within the current year and would have to be renewed if needed in the following year. It includes staff compensation and current expenditure other than for staff compensation (ex. on teaching materials, ancillary services and administration).","United Nations Educational, Scientific, and Cultural Organization (UNESCO) Institute for Statistics."
SE.XPD.CTOT.ZS,"Current education expenditure, total (% of total expenditure in public institutions)","Current expenditure is expressed as a percentage of direct expenditure in public educational institutions (instructional and non-instructional) of the specified level of education. Financial aid to students and other transfers are excluded from direct expenditure. Current expenditure is consumed within the current year and would have to be renewed if needed in the following year. It includes staff compensation and current expenditure other than for staff compensation (ex. on teaching materials, ancillary services and administration).","United Nations Educational, Scientific, and Cultural Organization (UNESCO) Institute for Statistics."
SE.XPD.TOTL.GB.ZS,"Government expenditure on education, total (% of government expenditure)","General government expenditure on education (current, capital, and transfers) is expressed as a percentage of total general government expenditure on all sectors (including health, education, social services, etc.). It includes expenditure funded by transfers from international sources to government. General government usually refers to local, regional and central governments.","United Nations Educational, Scientific, and Cultural Organization (UNESCO) Institute for Statistics."
SE.XPD.PRIM.ZS,"Expenditure on primary education (% of government expenditure on education)","Expenditure on primary education is expressed as a percentage of total general government expenditure on education. General government usually refers to local, regional and central governments.","United Nations Educational, Scientific, and Cultural Organization (UNESCO) Institute for Statistics."
SE.XPD.SECO.ZS,"Expenditure on secondary education (% of government expenditure on education)","Expenditure on secondary education is expressed as a percentage of total general government expenditure on education. General government usually refers to local, regional and central governments.","United Nations Educational, Scientific, and Cultural Organization (UNESCO) Institute for Statistics."
SE.XPD.TERT.ZS,"Expenditure on tertiary education (% of government expenditure on education)","Expenditure on tertiary education is expressed as a percentage of total general government expenditure on education. General government usually refers to local, regional and central governments.","United Nations Educational, Scientific, and Cultural Organization (UNESCO) Institute for Statistics."
SE.XPD.TOTL.GD.ZS,"Government expenditure on education, total (% of GDP)","General government expenditure on education (current, capital, and transfers) is expressed as a percentage of GDP. It includes expenditure funded by transfers from international sources to government. General government usually refers to local, regional and central governments.","United Nations Educational, Scientific, and Cultural Organization (UNESCO) Institute for Statistics."
SE.XPD.PRIM.PC.ZS,"Government expenditure per student, primary (% of GDP per capita)","Government expenditure per student is the average general government expenditure (current, capital, and transfers) per student in the given level of education, expressed as a percentage of GDP per capita.","United Nations Educational, Scientific, and Cultural Organization (UNESCO) Institute for Statistics."
SE.XPD.SECO.PC.ZS,"Government expenditure per student, secondary (% of GDP per capita)","Government expenditure per student is the average general government expenditure (current, capital, and transfers) per student in the given level of education, expressed as a percentage of GDP per capita.","United Nations Educational, Scientific, and Cultural Organization (UNESCO) Institute for Statistics."
SE.XPD.TERT.PC.ZS,"Government expenditure per student, tertiary (% of GDP per capita)","Government expenditure per student is the average general government expenditure (current, capital, and transfers) per student in the given level of education, expressed as a percentage of GDP per capita.","United Nations Educational, Scientific, and Cultural Organization (UNESCO) Institute for Statistics."
SE.ADT.1524.LT.FE.ZS,"Literacy rate, youth female (% of females ages 15-24)","Youth literacy rate is the percentage of people ages 15-24 who can both read and write with understanding a short simple statement about their everyday life.","United Nations Educational, Scientific, and Cultural Organization (UNESCO) Institute for Statistics."
SE.ADT.1524.LT.MA.ZS,"Literacy rate, youth male (% of males ages 15-24)","Youth literacy rate is the percentage of people ages 15-24 who can both read and write with understanding a short simple statement about their everyday life.","United Nations Educational, Scientific, and Cultural Organization (UNESCO) Institute for Statistics."
SE.PRM.NENR,"School enrollment, primary (% net)","Net enrollment rate is the ratio of children of official school age who are enrolled in school to the population of the corresponding official school age. Primary education provides children with basic reading, writing, and mathematics skills along with an elementary understanding of such subjects as history, geography, natural science, social science, art, and music.","United Nations Educational, Scientific, and Cultural Organization (UNESCO) Institute for Statistics."
SE.SEC.NENR,"School enrollment, secondary (% net)","Net enrollment rate is the ratio of children of official school age who are enrolled in school to the population of the corresponding official school age. Secondary education completes the provision of basic education that began at the primary level, and aims at laying the foundations for lifelong learning and human development, by offering more subject- or skill-oriented instruction using more specialized teachers.","United Nations Educational, Scientific, and Cultural Organization (UNESCO) Institute for Statistics."
SE.PRM.CMPT.ZS,"Primary completion rate, total (% of relevant age group)","Primary completion rate, or gross intake ratio to the last grade of primary education, is the number of new entrants (enrollments minus repeaters) in the last grade of primary education, regardless of age, divided by the population at the entrance age for the last grade of primary education. Data limitations preclude adjusting for students who drop out during the final year of primary education.","United Nations Educational, Scientific, and Cultural Organization (UNESCO) Institute for Statistics."
SE.ADT.1524.LT.ZS,"Literacy rate, youth total (% of people ages 15-24)","Youth literacy rate is the percentage of people ages 15-24 who can both read and write with understanding a short simple statement about their everyday life.","United Nations Educational, Scientific, and Cultural Organization (UNESCO) Institute for Statistics."
EG.ELC.ACCS.ZS,"Access to electricity (% of population)","Access to electricity is the percentage of population with access to electricity. Electrification data are collected from industry, national surveys and international sources.","World Bank, Sustainable Energy for All (SE4ALL) database from World Bank, Global Electrification database."
AG.LND.IRIG.AG.ZS,"Agricultural irrigated land (% of total agricultural land)","Agricultural irrigated land refers to agricultural areas purposely provided with water, including land irrigated by controlled flooding.","Food and Agriculture Organization, electronic files and web site."
AG.LND.AGRI.ZS,"Agricultural land (% of land area)","Agricultural land refers to the share of land area that is arable, under permanent crops, and under permanent pastures. Arable land includes land defined by the FAO as land under temporary crops (double-cropped areas are counted once), temporary meadows for mowing or for pasture, land under market or kitchen gardens, and land temporarily fallow. Land abandoned as a result of shifting cultivation is excluded. Land under permanent crops is land cultivated with crops that occupy the land for long periods and need not be replanted after each harvest, such as cocoa, coffee, and rubber. This category includes land under flowering shrubs, fruit trees, nut trees, and vines, but excludes land under trees grown for wood or timber. Permanent pasture is land used for five or more years for forage, including natural and cultivated crops.","Food and Agriculture Organization, electronic files and web site."
EN.ATM.METH.AG.ZS,"Agricultural methane emissions (% of total)","Agricultural methane emissions are emissions from animals, animal waste, rice production, agricultural waste burning (nonenergy, on-site), and savannah burning.","World Bank staff estimates from original source: European Commission, Joint Research Centre (JRC)/Netherlands Environmental Assessment Agency (PBL). Emission Database for Global Atmospheric Research (EDGAR): http://edgar.jrc.ec.europa.eu/."
AG.LND.ARBL.ZS,"Arable land (% of land area)","Arable land includes land defined by the FAO as land under temporary crops (double-cropped areas are counted once), temporary meadows for mowing or for pasture, land under market or kitchen gardens, and land temporarily fallow. Land abandoned as a result of shifting cultivation is excluded.","Food and Agriculture Organization, electronic files and web site."
EN.ATM.CO2E.PP.GD,"CO2 emissions (kg per PPP $ of GDP)","Carbon dioxide emissions are those stemming from the burning of fossil fuels and the manufacture of cement. They include carbon dioxide produced during consumption of solid, liquid, and gas fuels and gas flaring.","Carbon Dioxide Information Analysis Center, Environmental Sciences Division, Oak Ridge National Laboratory, Tennessee, United States."
NY.GDP.COAL.RT.ZS,"Coal rents (% of GDP)","Coal rents are the difference between the value of both hard and soft coal production at world prices and their total costs of production.","Estimates based on sources and methods described in "The Changing Wealth of Nations: Measuring Sustainable Development in the New Millennium" (World Bank, 2011)."
EG.USE.ELEC.KH.PC,"Electric power consumption (kWh per capita)","Electric power consumption measures the production of power plants and combined heat and power plants less transmission, distribution, and transformation losses and own use by heat and power plants.","IEA Statistics © OECD/IEA 2014 (http://www.iea.org/stats/index.asp), subject to https://www.iea.org/t&c/termsandconditions/"
EG.ELC.COAL.ZS,"Electricity production from coal sources (% of total)","Sources of electricity refer to the inputs used to generate electricity. Coal refers to all coal and brown coal, both primary (including hard coal and lignite-brown coal) and derived fuels (including patent fuel, coke oven coke, gas coke, coke oven gas, and blast furnace gas). Peat is also included in this category.","IEA Statistics © OECD/IEA 2014 (http://www.iea.org/stats/index.asp), subject to https://www.iea.org/t&c/termsandconditions/"
EG.ELC.HYRO.ZS,"Electricity production from hydroelectric sources (% of total)","Sources of electricity refer to the inputs used to generate electricity. Hydropower refers to electricity produced by hydroelectric power plants.","IEA Statistics © OECD/IEA 2014 (http://www.iea.org/stats/index.asp), subject to https://www.iea.org/t&c/termsandconditions/"
EG.ELC.NGAS.ZS,"Electricity production from natural gas sources (% of total)","Sources of electricity refer to the inputs used to generate electricity. Gas refers to natural gas but excludes natural gas liquids.","IEA Statistics © OECD/IEA 2014 (http://www.iea.org/stats/index.asp), subject to https://www.iea.org/t&c/termsandconditions/"
EG.ELC.NUCL.ZS,"Electricity production from nuclear sources (% of total)","Sources of electricity refer to the inputs used to generate electricity. Nuclear power refers to electricity produced by nuclear power plants.","IEA Statistics © OECD/IEA 2014 (http://www.iea.org/stats/index.asp), subject to https://www.iea.org/t&c/termsandconditions/"
EG.ELC.PETR.ZS,"Electricity production from oil sources (% of total)","Sources of electricity refer to the inputs used to generate electricity. Oil refers to crude oil and petroleum products.","IEA Statistics © OECD/IEA 2014 (http://www.iea.org/stats/index.asp), subject to https://www.iea.org/t&c/termsandconditions/"
EG.ELC.RNWX.ZS,"Electricity production from renewable sources, excluding hydroelectric (% of total)","Electricity production from renewable sources, excluding hydroelectric, includes geothermal, solar, tides, wind, biomass, and biofuels.","IEA Statistics © OECD/IEA 2014 (http://www.iea.org/stats/index.asp), subject to https://www.iea.org/t&c/termsandconditions/"
EG.ELC.FOSL.ZS,"Electricity production from oil, gas and coal sources (% of total)","Sources of electricity refer to the inputs used to generate electricity. Oil refers to crude oil and petroleum products. Gas refers to natural gas but excludes natural gas liquids. Coal refers to all coal and brown coal, both primary (including hard coal and lignite-brown coal) and derived fuels (including patent fuel, coke oven coke, gas coke, coke oven gas, and blast furnace gas). Peat is also included in this category.","IEA Statistics © OECD/IEA 2014 (http://www.iea.org/stats/index.asp), subject to https://www.iea.org/t&c/termsandconditions/"
EG.IMP.CONS.ZS,"Energy imports, net (% of energy use)","Net energy imports are estimated as energy use less production, both measured in oil equivalents. A negative value indicates that the country is a net exporter. Energy use refers to use of primary energy before transformation to other end-use fuels, which is equal to indigenous production plus imports and stock changes, minus exports and fuels supplied to ships and aircraft engaged in international transport.","IEA Statistics © OECD/IEA 2014 (http://www.iea.org/stats/index.asp), subject to https://www.iea.org/t&c/termsandconditions/"
AG.LND.FRST.ZS,"Forest area (% of land area)","Forest area is land under natural or planted stands of trees of at least 5 meters in situ, whether productive or not, and excludes tree stands in agricultural production systems (for example, in fruit plantations and agroforestry systems) and trees in urban parks and gardens.","Food and Agriculture Organization, electronic files and web site."
NY.GDP.FRST.RT.ZS,"Forest rents (% of GDP)","Forest rents are roundwood harvest times the product of average prices and a region-specific rental rate.","Estimates based on sources and methods described in "The Changing Wealth of Nations: Measuring Sustainable Development in the New Millennium" (World Bank, 2011)."
EN.ATM.METH.ZG,"Methane emissions (% change from 1990)","Methane emissions are those stemming from human activities such as agriculture and from industrial methane production. Each year of data shows the percentage change to that year from 1990.","World Bank staff estimates from original source: European Commission, Joint Research Centre (JRC)/Netherlands Environmental Assessment Agency (PBL). Emission Database for Global Atmospheric Research (EDGAR): http://edgar.jrc.ec.europa.eu/."
NY.GDP.MINR.RT.ZS,"Mineral rents (% of GDP)","Mineral rents are the difference between the value of production for a stock of minerals at world prices and their total costs of production. Minerals included in the calculation are tin, gold, lead, zinc, iron, copper, nickel, silver, bauxite, and phosphate.","Estimates based on sources and methods described in "The Changing Wealth of Nations: Measuring Sustainable Development in the New Millennium" (World Bank, 2011)."
NY.GDP.NGAS.RT.ZS,"Natural gas rents (% of GDP)","Natural gas rents are the difference between the value of natural gas production at world prices and total costs of production.","Estimates based on sources and methods described in "The Changing Wealth of Nations: Measuring Sustainable Development in the New Millennium" (World Bank, 2011)."
EN.ATM.NOXE.ZG,"Nitrous oxide emissions (% change from 1990)","Nitrous oxide emissions are emissions from agricultural biomass burning, industrial activities, and livestock management. Each year of data shows the percentage change to that year from 1990.","World Bank staff estimates from original source: European Commission, Joint Research Centre (JRC)/Netherlands Environmental Assessment Agency (PBL). Emission Database for Global Atmospheric Research (EDGAR): http://edgar.jrc.ec.europa.eu/."
NY.GDP.PETR.RT.ZS,"Oil rents (% of GDP)","Oil rents are the difference between the value of crude oil production at world prices and total costs of production.","Estimates based on sources and methods described in "The Changing Wealth of Nations: Measuring Sustainable Development in the New Millennium" (World Bank, 2011)."
EN.POP.DNST,"Population density (people per sq. km of land area)","Population density is midyear population divided by land area in square kilometers. Population is based on the de facto definition of population, which counts all residents regardless of legal status or citizenship--except for refugees not permanently settled in the country of asylum, who are generally considered part of the population of their country of origin. Land area is a country's total area, excluding area under inland water bodies, national claims to continental shelf, and exclusive economic zones. In most cases the definition of inland water bodies includes major rivers and lakes.","Food and Agriculture Organization and World Bank population estimates."
EN.URB.LCTY.UR.ZS,"Population in the largest city (% of urban population)","Population in largest city is the percentage of a country's urban population living in that country's largest metropolitan area.","United Nations, World Urbanization Prospects."
EN.URB.MCTY.TL.ZS,"Population in urban agglomerations of more than 1 million (% of total population)","Population in urban agglomerations of more than one million is the percentage of a country's population living in metropolitan areas that in 2000 had a population of more than one million people.","United Nations, World Urbanization Prospects."
EN.POP.SLUM.UR.ZS,"Population living in slums (% of urban population)","Population living in slums is the proportion of the urban population living in slum households. A slum household is defined as a group of individuals living under the same roof lacking one or more of the following conditions: access to improved water, access to improved sanitation, sufficient living area, and durability of housing.","UN HABITAT, retrieved from the United Nation's Millennium Development Goals database. Data are available at : http://mdgs.un.org/"
EG.ELC.RNEW.ZS,"Renewable electricity output (% of total electricity output)","Renewable electricity is the share of electrity generated by renewable power plants in total electricity generated by all types of plants.","© OECD/IEA and World Bank, based on IEA data in IEA World Energy Balances © OECD/IEA 2013 edition, subject to https://www.iea.org/t&c/termsandconditions/"
SP.RUR.TOTL.ZS,"Rural population (% of total population)","Rural population refers to people living in rural areas as defined by national statistical offices. It is calculated as the difference between total population and urban population.","World Bank Staff estimates based on United Nations, World Urbanization Prospects."
SP.RUR.TOTL.ZG,"Rural population growth (annual %)","Rural population refers to people living in rural areas as defined by national statistical offices. It is calculated as the difference between total population and urban population.","World Bank Staff estimates based on United Nations, World Urbanization Prospects."
AG.SRF.TOTL.K2,"Surface area (sq. km)","Surface area is a country's total area, including areas under inland bodies of water and some coastal waterways.","Food and Agriculture Organization, electronic files and web site."
EN.ATM.GHGT.ZG,"Total greenhouse gas emissions (% change from 1990)","Total greenhouse gas emissions are composed of CO2 totals excluding short-cycle biomass burning (such as agricultural waste burning and Savannah burning) but including other biomass burning (such as forest fires, post-burn decay, peat fires and decay of drained peatlands), all anthropogenic CH4 sources, N2O sources and F-gases (HFCs, PFCs and SF6). Each year of data shows the percentage change to that year from 1990.","World Bank staff estimates from original source: European Commission, Joint Research Centre (JRC)/Netherlands Environmental Assessment Agency (PBL). Emission Database for Global Atmospheric Research (EDGAR): http://edgar.jrc.ec.europa.eu/."
NY.GDP.TOTL.RT.ZS,"Total natural resources rents (% of GDP)","Total natural resources rents are the sum of oil rents, natural gas rents, coal rents (hard and soft), mineral rents, and forest rents.","Estimates based on sources and methods described in "The Changing Wealth of Nations: Measuring Sustainable Development in the New Millennium" (World Bank, 2011)."
SP.URB.TOTL.IN.ZS,"Urban population (% of total)","Urban population refers to people living in urban areas as defined by national statistical offices. It is calculated using World Bank population estimates and urban ratios from the United Nations World Urbanization Prospects.","United Nations, World Urbanization Prospects."
SP.URB.GROW,"Urban population growth (annual %)","Urban population refers to people living in urban areas as defined by national statistical offices. It is calculated using World Bank population estimates and urban ratios from the United Nations World Urbanization Prospects.","World Bank Staff estimates based on United Nations, World Urbanization Prospects."
NV.AGR.TOTL.ZS,"Agriculture, value added (% of GDP)","Agriculture corresponds to ISIC divisions 1-5 and includes forestry, hunting, and fishing, as well as cultivation of crops and livestock production. Value added is the net output of a sector after adding up all outputs and subtracting intermediate inputs. It is calculated without making deductions for depreciation of fabricated assets or depletion and degradation of natural resources. The origin of value added is determined by the International Standard Industrial Classification (ISIC), revision 3. Note: For VAB countries, gross value added at factor cost is used as the denominator.","World Bank national accounts data, and OECD National Accounts data files."
NV.AGR.TOTL.KD.ZG,"Agriculture, value added (annual % growth)","Annual growth rate for agricultural value added based on constant local currency. Aggregates are based on constant 2010 U.S. dollars. Agriculture corresponds to ISIC divisions 1-5 and includes forestry, hunting, and fishing, as well as cultivation of crops and livestock production. Value added is the net output of a sector after adding up all outputs and subtracting intermediate inputs. It is calculated without making deductions for depreciation of fabricated assets or depletion and degradation of natural resources. The origin of value added is determined by the International Standard Industrial Classification (ISIC), revision 3.","World Bank national accounts data, and OECD National Accounts data files."
NV.MNF.CHEM.ZS.UN,"Chemicals (% of value added in manufacturing)","Value added in manufacturing is the sum of gross output less the value of intermediate inputs used in production for industries classified in ISIC major division D. Chemicals correspond to ISIC division 24.","United Nations Industrial Development Organization, International Yearbook of Industrial Statistics."
BN.CAB.XOKA.GD.ZS,"Current account balance (% of GDP)","Current account balance is the sum of net exports of goods and services, net primary income, and net secondary income.","International Monetary Fund, Balance of Payments Statistics Yearbook and data files, and World Bank and OECD GDP estimates."
DT.DOD.DECT.GN.ZS,"External debt stocks (% of GNI)","Total external debt stocks to gross national income. Total external debt is debt owed to nonresidents repayable in currency, goods, or services. Total external debt is the sum of public, publicly guaranteed, and private nonguaranteed long-term debt, use of IMF credit, and short-term debt. Short-term debt includes all debt having an original maturity of one year or less and interest in arrears on long-term debt. GNI (formerly GNP) is the sum of value added by all resident producers plus any product taxes (less subsidies) not included in the valuation of output plus net receipts of primary income (compensation of employees and property income) from abroad.","World Bank, International Debt Statistics."
BX.KLT.DINV.WD.GD.ZS,"Foreign direct investment, net inflows (% of GDP)","Foreign direct investment are the net inflows of investment to acquire a lasting management interest (10 percent or more of voting stock) in an enterprise operating in an economy other than that of the investor. It is the sum of equity capital, reinvestment of earnings, other long-term capital, and short-term capital as shown in the balance of payments. This series shows net inflows (new investment inflows less disinvestment) in the reporting economy from foreign investors, and is divided by GDP.","International Monetary Fund, International Financial Statistics and Balance of Payments databases, World Bank, International Debt Statistics, and World Bank and OECD GDP estimates."
BM.KLT.DINV.WD.GD.ZS,"Foreign direct investment, net outflows (% of GDP)","Foreign direct investment refers to direct investment equity flows in an economy. It is the sum of equity capital, reinvestment of earnings, and other capital. Direct investment is a category of cross-border investment associated with a resident in one economy having control or a significant degree of influence on the management of an enterprise that is resident in another economy. Ownership of 10 percent or more of the ordinary shares of voting stock is the criterion for determining the existence of a direct investment relationship. This series shows net outflows of investment from the reporting economy to the rest of the world, and is divided by GDP.","International Monetary Fund, Balance of Payments database, supplemented by data from the United Nations Conference on Trade and Development and official national sources."
NY.GDP.MKTP.CD,"GDP (current US$)","GDP at purchaser's prices is the sum of gross value added by all resident producers in the economy plus any product taxes and minus any subsidies not included in the value of the products. It is calculated without making deductions for depreciation of fabricated assets or for depletion and degradation of natural resources. Data are in current U.S. dollars. Dollar figures for GDP are converted from domestic currencies using single year official exchange rates. For a few countries where the official exchange rate does not reflect the rate effectively applied to actual foreign exchange transactions, an alternative conversion factor is used.","World Bank national accounts data, and OECD National Accounts data files."
NY.GDP.MKTP.KD.ZG,"GDP growth (annual %)","Annual percentage growth rate of GDP at market prices based on constant local currency. Aggregates are based on constant 2010 U.S. dollars. GDP is the sum of gross value added by all resident producers in the economy plus any product taxes and minus any subsidies not included in the value of the products. It is calculated without making deductions for depreciation of fabricated assets or for depletion and degradation of natural resources.","World Bank national accounts data, and OECD National Accounts data files."
NY.GDP.PCAP.CD,"GDP per capita (current US$)","GDP per capita is gross domestic product divided by midyear population. GDP is the sum of gross value added by all resident producers in the economy plus any product taxes and minus any subsidies not included in the value of the products. It is calculated without making deductions for depreciation of fabricated assets or for depletion and degradation of natural resources. Data are in current U.S. dollars.","World Bank national accounts data, and OECD National Accounts data files."
NY.GDP.PCAP.KD.ZG,"GDP per capita growth (annual %)","Annual percentage growth rate of GDP per capita based on constant local currency. Aggregates are based on constant 2010 U.S. dollars. GDP per capita is gross domestic product divided by midyear population. GDP at purchaser's prices is the sum of gross value added by all resident producers in the economy plus any product taxes and minus any subsidies not included in the value of the products. It is calculated without making deductions for depreciation of fabricated assets or for depletion and degradation of natural resources.","World Bank national accounts data, and OECD National Accounts data files."
NY.GNP.MKTP.KD.ZG,"GNI growth (annual %)","GNI (formerly GNP) is the sum of value added by all resident producers plus any product taxes (less subsidies) not included in the valuation of output plus net receipts of primary income (compensation of employees and property income) from abroad.","World Bank national accounts data, and OECD National Accounts data files."
NY.GNP.MKTP.CD,"GNI (current US$)","GNI (formerly GNP) is the sum of value added by all resident producers plus any product taxes (less subsidies) not included in the valuation of output plus net receipts of primary income (compensation of employees and property income) from abroad. Data are in current U.S. dollars.","World Bank national accounts data, and OECD National Accounts data files."
NV.IND.TOTL.ZS,"Industry, value added (% of GDP)","Industry corresponds to ISIC divisions 10-45 and includes manufacturing (ISIC divisions 15-37). It comprises value added in mining, manufacturing (also reported as a separate subgroup), construction, electricity, water, and gas. Value added is the net output of a sector after adding up all outputs and subtracting intermediate inputs. It is calculated without making deductions for depreciation of fabricated assets or depletion and degradation of natural resources. The origin of value added is determined by the International Standard Industrial Classification (ISIC), revision 3. Note: For VAB countries, gross value added at factor cost is used as the denominator.","World Bank national accounts data, and OECD National Accounts data files."
NV.IND.TOTL.KD.ZG,"Industry, value added (annual % growth)","Annual growth rate for industrial value added based on constant local currency. Aggregates are based on constant 2010 U.S. dollars. Industry corresponds to ISIC divisions 10-45 and includes manufacturing (ISIC divisions 15-37). It comprises value added in mining, manufacturing (also reported as a separate subgroup), construction, electricity, water, and gas. Value added is the net output of a sector after adding up all outputs and subtracting intermediate inputs. It is calculated without making deductions for depreciation of fabricated assets or depletion and degradation of natural resources. The origin of value added is determined by the International Standard Industrial Classification (ISIC), revision 3.","World Bank national accounts data, and OECD National Accounts data files."
NV.IND.MANF.ZS,"Manufacturing, value added (% of GDP)","Manufacturing refers to industries belonging to ISIC divisions 15-37. Value added is the net output of a sector after adding up all outputs and subtracting intermediate inputs. It is calculated without making deductions for depreciation of fabricated assets or depletion and degradation of natural resources. The origin of value added is determined by the International Standard Industrial Classification (ISIC), revision 3. Note: For VAB countries, gross value added at factor cost is used as the denominator.","World Bank national accounts data, and OECD National Accounts data files."
NV.IND.MANF.KD.ZG,"Manufacturing, value added (annual % growth)","Annual growth rate for manufacturing value added based on constant local currency. Aggregates are based on constant 2010 U.S. dollars. Manufacturing refers to industries belonging to ISIC divisions 15-37. Value added is the net output of a sector after adding up all outputs and subtracting intermediate inputs. It is calculated without making deductions for depreciation of fabricated assets or depletion and degradation of natural resources. The origin of value added is determined by the International Standard Industrial Classification (ISIC), revision 3.","World Bank national accounts data, and OECD National Accounts data files."
DT.ODA.ODAT.XP.ZS,"Net ODA received (% of central government expense)","Net official development assistance (ODA) consists of disbursements of loans made on concessional terms (net of repayments of principal) and grants by official agencies of the members of the Development Assistance Committee (DAC), by multilateral institutions, and by non-DAC countries to promote economic development and welfare in countries and territories in the DAC list of ODA recipients. It includes loans with a grant element of at least 25 percent (calculated at a rate of discount of 10 percent).","Development Assistance Committee of the Organisation for Economic Co-operation and Development, Geographical Distribution of Financial Flows to Developing Countries, Development Co-operation Report, and International Development Statistics database. Data are available online at: www.oecd.org/dac/stats/idsonline. IMF central government expense estimates are used for the denominator."
NV.MNF.OTHR.ZS.UN,"Other manufacturing (% of value added in manufacturing)","Value added in manufacturing is the sum of gross output less the value of intermediate inputs used in production for industries classified in ISIC major division D. Other manufacturing, a residual, covers wood and related products (ISIC division 20), paper and related products (ISIC divisions 21 and 22), petroleum and related products (ISIC division 23), basic metals and mineral products (ISIC division27), fabricated metal products and professional goods (ISIC division 28), and other industries (ISIC divisions 25, 26, 31, 33, 36, and 37). Includes unallocated data. When data for textiles, machinery, or chemicals are shown as not available, they are included in other manufacturing.","United Nations Industrial Development Organization, International Yearbook of Industrial Statistics."
BX.TRF.PWKR.DT.GD.ZS,"Personal remittances, received (% of GDP)","Personal remittances comprise personal transfers and compensation of employees. Personal transfers consist of all current transfers in cash or in kind made or received by resident households to or from nonresident households. Personal transfers thus include all current transfers between resident and nonresident individuals. Compensation of employees refers to the income of border, seasonal, and other short-term workers who are employed in an economy where they are not resident and of residents employed by nonresident entities. Data are the sum of two items defined in the sixth edition of the IMF's Balance of Payments Manual: personal transfers and compensation of employees.","World Bank staff estimates based on IMF balance of payments data, and World Bank and OECD GDP estimates."
DT.TDS.DECT.GN.ZS,"Total debt service (% of GNI)","Total debt service is the sum of principal repayments and interest actually paid in currency, goods, or services on long-term debt, interest paid on short-term debt, and repayments (repurchases and charges) to the IMF.","World Bank, International Debt Statistics."
NE.TRD.GNFS.ZS,"Trade (% of GDP)","Trade is the sum of exports and imports of goods and services measured as a share of gross domestic product.","World Bank national accounts data, and OECD National Accounts data files."
FP.CPI.TOTL.ZG,"Inflation, consumer prices (annual %)","Inflation as measured by the consumer price index reflects the annual percentage change in the cost to the average consumer of acquiring a basket of goods and services that may be fixed or changed at specified intervals, such as yearly. The Laspeyres formula is generally used.","International Monetary Fund, International Financial Statistics and data files."
NY.GDP.DEFL.KD.ZG,"Inflation, GDP deflator (annual %)","Inflation as measured by the annual growth rate of the GDP implicit deflator shows the rate of price change in the economy as a whole. The GDP implicit deflator is the ratio of GDP in current local currency to GDP in constant local currency.","World Bank national accounts data, and OECD National Accounts data files."
CM.MKT.INDX.ZG,"S&P Global Equity Indices (annual % change)","S&P Global Equity Indices measure the U.S. dollar price change in the stock markets covered by the S&P/IFCI and S&P/Frontier BMI country indices.","Standard & Poor's, Global Stock Markets Factbook and supplemental S&P data."
SH.XPD.PCAP,"Health expenditure per capita (current US$)","Total health expenditure is the sum of public and private health expenditures as a ratio of total population. It covers the provision of health services (preventive and curative), family planning activities, nutrition activities, and emergency aid designated for health but does not include provision of water and sanitation. Data are in current U.S. dollars.","World Health Organization Global Health Expenditure database (see http://apps.who.int/nha/database for the most recent updates)."
SH.XPD.TOTL.ZS,"Health expenditure, total (% of GDP)","Total health expenditure is the sum of public and private health expenditure. It covers the provision of health services (preventive and curative), family planning activities, nutrition activities, and emergency aid designated for health but does not include provision of water and sanitation.","World Health Organization Global Health Expenditure database (see http://apps.who.int/nha/database for the most recent updates)."
SH.MED.BEDS.ZS,"Hospital beds (per 1,000 people)","Hospital beds include inpatient beds available in public, private, general, and specialized hospitals and rehabilitation centers. In most cases beds for both acute and chronic care are included.","Data are from the World Health Organization, supplemented by country data."
SP.DYN.LE00.IN,"Life expectancy at birth, total (years)","Life expectancy at birth indicates the number of years a newborn infant would live if prevailing patterns of mortality at the time of its birth were to stay the same throughout its life.","Derived from male and female life expectancy at birth from sources such as: (1) United Nations Population Division. World Population Prospects, (2) Census reports and other statistical publications from national statistical offices, (3) Eurostat: Demographic Statistics, (4) United Nations Statistical Division. Population and Vital Statistics Reprot (various years), (5) U.S. Census Bureau: International Database, and (6) Secretariat of the Pacific Community: Statistics and Demography Programme."
SP.DYN.LE00.MA.IN,"Life expectancy at birth, male (years)","Life expectancy at birth indicates the number of years a newborn infant would live if prevailing patterns of mortality at the time of its birth were to stay the same throughout its life.","(1) United Nations Population Division. World Population Prospects, (2) Census reports and other statistical publications from national statistical offices, (3) Eurostat: Demographic Statistics, (4) United Nations Statistical Division. Population and Vital Statistics Reprot (various years), (5) U.S. Census Bureau: International Database, and (6) Secretariat of the Pacific Community: Statistics and Demography Programme."
SP.DYN.LE00.FE.IN,"Life expectancy at birth, female (years)","Life expectancy at birth indicates the number of years a newborn infant would live if prevailing patterns of mortality at the time of its birth were to stay the same throughout its life.","(1) United Nations Population Division. World Population Prospects, (2) Census reports and other statistical publications from national statistical offices, (3) Eurostat: Demographic Statistics, (4) United Nations Statistical Division. Population and Vital Statistics Reprot (various years), (5) U.S. Census Bureau: International Database, and (6) Secretariat of the Pacific Community: Statistics and Demography Programme."
SP.POP.TOTL,"Population, total","Total population is based on the de facto definition of population, which counts all residents regardless of legal status or citizenship. The values shown are midyear estimates.","(1) United Nations Population Division. World Population Prospects, (2) Census reports and other statistical publications from national statistical offices, (3) Eurostat: Demographic Statistics, (4) United Nations Statistical Division. Population and Vital Statistics Report (various years), (5) U.S. Census Bureau: International Database, and (6) Secretariat of the Pacific Community: Statistics and Demography Programme."
SP.POP.GROW,"Population growth (annual %)","Annual population growth rate for year t is the exponential rate of growth of midyear population from year t-1 to t, expressed as a percentage . Population is based on the de facto definition of population, which counts all residents regardless of legal status or citizenship.","Derived from total population. Population source: (1) United Nations Population Division. World Population Prospects, (2) Census reports and other statistical publications from national statistical offices, (3) Eurostat: Demographic Statistics, (4) United Nations Statistical Division. Population and Vital Statistics Reprot (various years), (5) U.S. Census Bureau: International Database, and (6) Secretariat of the Pacific Community: Statistics and Demography Programme."
SH.PRV.SMOK.FE,"Smoking prevalence, females (% of adults)","Prevalence of smoking, female is the percentage of women ages 15 and over who smoke any form of tobacco, including cigarettes, cigars, pipes or any other smoked tobacco products. Data include daily and non-daily or occasional smoking.","World Health Organization, Global Health Observatory Data Repository (http://apps.who.int/ghodata/)."
SH.PRV.SMOK.MA,"Smoking prevalence, males (% of adults)","Prevalence of smoking, male is the percentage of men ages 15 and over who smoke any form of tobacco, including cigarettes, cigars, pipes or any other smoked tobacco products. Data include daily and non-daily or occasional smoking.","World Health Organization, Global Health Observatory Data Repository (http://apps.who.int/ghodata/)."
IS.RRS.TOTL.KM,"Rail lines (total route-km)","Rail lines are the length of railway route available for train service, irrespective of the number of parallel tracks.","World Bank, Transportation, Water, and Information and Communications Technologies Department, Transport Division."
GB.XPD.RSDV.GD.ZS,"Research and development expenditure (% of GDP)","Expenditures for research and development are current and capital expenditures (both public and private) on creative work undertaken systematically to increase knowledge, including knowledge of humanity, culture, and society, and the use of knowledge for new applications. R&D covers basic research, applied research, and experimental development.","United Nations Educational, Scientific, and Cultural Organization (UNESCO) Institute for Statistics."
SM.EMI.TERT.ZS,"Emigration rate of tertiary educated (% of total tertiary educated population)","Emigration rate of tertiary educated shows the stock of emigrants ages 25 and older, residing in an OECD country other than that in which they were born, with at least one year of tertiary education as a percentage of the population age 25 and older with tertiary education.","Frédéric Docquier, B. Lindsay Lowell, and Abdeslam Marfouk's , "A Gendered Assessment of Highly Skilled Emigration" (2009)."
SL.AGR.EMPL.ZS,"Employment in agriculture (% of total employment)","Employment is defined as persons of working age who were engaged in any activity to produce goods or provide services for pay or profit, whether at work during the reference period or not at work due to temporary absence from a job, or to working-time arrangement. The agriculture sector consists of activities in agriculture, hunting, forestry and fishing, in accordance with division 1 (ISIC 2) or categories A-B (ISIC 3) or category A (ISIC 4).","International Labour Organization, Key Indicators of the Labour Market database."
SL.IND.EMPL.ZS,"Employment in industry (% of total employment)","Employment is defined as persons of working age who were engaged in any activity to produce goods or provide services for pay or profit, whether at work during the reference period or not at work due to temporary absence from a job, or to working-time arrangement. The industry sector consists of mining and quarrying, manufacturing, construction, and public utilities (electricity, gas, and water), in accordance with divisions 2-5 (ISIC 2) or categories C-F (ISIC 3) or categories B-F (ISIC 4).","International Labour Organization, Key Indicators of the Labour Market database."
SL.SRV.EMPL.ZS,"Employment in services (% of total employment)","Employment is defined as persons of working age who were engaged in any activity to produce goods or provide services for pay or profit, whether at work during the reference period or not at work due to temporary absence from a job, or to working-time arrangement. The services sector consists of wholesale and retail trade and restaurants and hotels; transport, storage, and communications; financing, insurance, real estate, and business services; and community, social, and personal services, in accordance with divisions 6-9 (ISIC 2) or categories G-Q (ISIC 3) or categories G-U (ISIC 4).","International Labour Organization, Key Indicators of the Labour Market database."
SM.POP.TOTL.ZS,"International migrant stock (% of population)","International migrant stock is the number of people born in a country other than that in which they live. It also includes refugees. The data used to estimate the international migrant stock at a particular time are obtained mainly from population censuses. The estimates are derived from the data on foreign-born population--people who have residence in one country but were born in another country. When data on the foreign-born population are not available, data on foreign population--that is, people who are citizens of a country other than the country in which they reside--are used as estimates. After the breakup of the Soviet Union in 1991 people living in one of the newly independent countries who were born in another were classified as international migrants. Estimates of migrant stock in the newly independent states from 1990 on are based on the 1989 census of the Soviet Union. For countries with information on the international migrant stock for at least two points in time, interpolation or extrapolation was used to estimate the international migrant stock on July 1 of the reference years. For countries with only one observation, estimates for the reference years were derived using rates of change in the migrant stock in the years preceding or following the single observation available. A model was used to estimate migrants for countries that had no data.","United Nations Population Division, Trends in Total Migrant Stock: 2008 Revision."
SM.POP.TOTL,"International migrant stock, total","International migrant stock is the number of people born in a country other than that in which they live. It also includes refugees. The data used to estimate the international migrant stock at a particular time are obtained mainly from population censuses. The estimates are derived from the data on foreign-born population--people who have residence in one country but were born in another country. When data on the foreign-born population are not available, data on foreign population--that is, people who are citizens of a country other than the country in which they reside--are used as estimates. After the breakup of the Soviet Union in 1991 people living in one of the newly independent countries who were born in another were classified as international migrants. Estimates of migrant stock in the newly independent states from 1990 on are based on the 1989 census of the Soviet Union. For countries with information on the international migrant stock for at least two points in time, interpolation or extrapolation was used to estimate the international migrant stock on July 1 of the reference years. For countries with only one observation, estimates for the reference years were derived using rates of change in the migrant stock in the years preceding or following the single observation available. A model was used to estimate migrants for countries that had no data.","United Nations Population Division, Trends in Total Migrant Stock: 2012 Revision."
SL.UEM.LTRM.ZS,"Long-term unemployment (% of total unemployment)","Long-term unemployment refers to the number of people with continuous periods of unemployment extending for a year or longer, expressed as a percentage of the total unemployed.","International Labour Organization, Key Indicators of the Labour Market database."
SM.POP.NETM,"Net migration","Net migration is the net total of migrants during the period, that is, the total number of immigrants less the annual number of emigrants, including both citizens and noncitizens. Data are five-year estimates.","United Nations Population Division, World Population Prospects."
SL.UEM.TOTL.ZS,"Unemployment, total (% of total labor force) (modeled ILO estimate)","Unemployment refers to the share of the labor force that is without work but available for and seeking employment.","International Labour Organization, Key Indicators of the Labour Market database."
SL.EMP.WORK.FE.ZS,"Wage and salaried workers, female (% of females employed)","Wage and salaried workers (employees) are those workers who hold the type of jobs defined as "paid employment jobs," where the incumbents hold explicit (written or oral) or implicit employment contracts that give them a basic remuneration that is not directly dependent upon the revenue of the unit for which they work.","International Labour Organization, Key Indicators of the Labour Market database."
SL.EMP.WORK.ZS,"Wage and salaried workers, total (% of total employed)","Wage and salaried workers (employees) are those workers who hold the type of jobs defined as "paid employment jobs," where the incumbents hold explicit (written or oral) or implicit employment contracts that give them a basic remuneration that is not directly dependent upon the revenue of the unit for which they work.","International Labour Organization, Key Indicators of the Labour Market database."
SL.EMP.WORK.MA.ZS,"Wage and salary workers, male (% of males employed)","Wage and salaried workers (employees) are those workers who hold the type of jobs defined as "paid employment jobs," where the incumbents hold explicit (written or oral) or implicit employment contracts that give them a basic remuneration that is not directly dependent upon the revenue of the unit for which they work.","International Labour Organization, Key Indicators of the Labour Market database."
SI.POV.GINI,"GINI index (World Bank estimate)","Gini index measures the extent to which the distribution of income (or, in some cases, consumption expenditure) among individuals or households within an economy deviates from a perfectly equal distribution. A Lorenz curve plots the cumulative percentages of total income received against the cumulative number of recipients, starting with the poorest individual or household. The Gini index measures the area between the Lorenz curve and a hypothetical line of absolute equality, expressed as a percentage of the maximum area under the line. Thus a Gini index of 0 represents perfect equality, while an index of 100 implies perfect inequality.","World Bank, Development Research Group. Data are based on primary household survey data obtained from government statistical agencies and World Bank country departments. For more information and methodology, please see PovcalNet (http://iresearch.worldbank.org/PovcalNet/index.htm)."
SI.DST.10TH.10,"Income share held by highest 10%","Percentage share of income or consumption is the share that accrues to subgroups of population indicated by deciles or quintiles.","World Bank, Development Research Group. Data are based on primary household survey data obtained from government statistical agencies and World Bank country departments. Data for high-income economies are from the Luxembourg Income Study database. For more information and methodology, please see PovcalNet (http://iresearch.worldbank.org/PovcalNet/index.htm)."
SI.DST.FRST.10,"Income share held by lowest 10%","Percentage share of income or consumption is the share that accrues to subgroups of population indicated by deciles or quintiles.","World Bank, Development Research Group. Data are based on primary household survey data obtained from government statistical agencies and World Bank country departments. Data for high-income economies are from the Luxembourg Income Study database. For more information and methodology, please see PovcalNet (http://iresearch.worldbank.org/PovcalNet/index.htm)."
SI.POV.GAPS,"Poverty gap at $1.90 a day (2011 PPP) (%)","Poverty gap at $1.90 a day (2011 PPP) is the mean shortfall in income or consumption from the poverty line $1.90 a day (counting the nonpoor as having zero shortfall), expressed as a percentage of the poverty line. This measure reflects the depth of poverty as well as its incidence. As a result of revisions in PPP exchange rates, poverty rates for individual countries cannot be compared with poverty rates reported in earlier editions. Note: five countries -- Bangladesh, Cabo Verde, Cambodia, Jordan, and Lao PDR -- use the 2005 PPP conversion factors and corresponding $1.25 a day and $2 a day poverty lines. This is due to the large deviations in the rate of change in PPP factors relative to the rate of change in domestic consumer price indexes. See Box 1.1 in the Global Monitoring Report 2015/2016 (http://www.worldbank.org/en/publication/global-monitoring-report) for a detailed explanation.","World Bank, Development Research Group. Data are based on primary household survey data obtained from government statistical agencies and World Bank country departments. Data for high-income economies are from the Luxembourg Income Study database. For more information and methodology, please see PovcalNet (http://iresearch.worldbank.org/PovcalNet/index.htm)."
SI.POV.GAP2,"Poverty gap at $3.10 a day (2011 PPP) (%)","Poverty gap at $3.10 a day (2011 PPP) is the mean shortfall in income or consumption from the poverty line $3.10 a day (counting the nonpoor as having zero shortfall), expressed as a percentage of the poverty line. This measure reflects the depth of poverty as well as its incidence. As a result of revisions in PPP exchange rates, poverty rates for individual countries cannot be compared with poverty rates reported in earlier editions. Note: five countries -- Bangladesh, Cabo Verde, Cambodia, Jordan, and Lao PDR -- use the 2005 PPP conversion factors and corresponding $1.25 a day and $2 a day poverty lines. This is due to the large deviations in the rate of change in PPP factors relative to the rate of change in domestic consumer price indexes. See Box 1.1 in the Global Monitoring Report 2015/2016 (http://www.worldbank.org/en/publication/global-monitoring-report) for a detailed explanation.","World Bank, Development Research Group. Data are based on primary household survey data obtained from government statistical agencies and World Bank country departments. Data for high-income economies are from the Luxembourg Income Study database. For more information and methodology, please see PovcalNet (http://iresearch.worldbank.org/PovcalNet/index.htm)."
SI.POV.NAGP,"Poverty gap at national poverty lines (%)","Poverty gap at national poverty lines is the mean shortfall from the poverty lines (counting the nonpoor as having zero shortfall) as a percentage of the poverty lines. This measure reflects the depth of poverty as well as its incidence.","World Bank, Global Poverty Working Group. Data are compiled from official government sources or are computed by World Bank staff using national (i.e. country–specific) poverty lines."
SI.POV.URGP,"Urban poverty gap at national poverty lines (%)","Urban poverty gap at national poverty lines is the urban population's mean shortfall from the poverty lines (counting the nonpoor as having zero shortfall) as a percentage of the poverty lines. This measure reflects the depth of poverty as well as its incidence.","World Bank, Global Poverty Working Group. Data are compiled from official government sources or are computed by World Bank staff using national (i.e. country–specific) poverty lines."
SI.POV.RUGP,"Rural poverty gap at national poverty lines (%)","Rural poverty gap at national poverty lines is the rural population's mean shortfall from the poverty lines (counting the nonpoor as having zero shortfall) as a percentage of the poverty lines. This measure reflects the depth of poverty as well as its incidence.","World Bank, Global Poverty Working Group. Data are compiled from official government sources or are computed by World Bank staff using national (i.e. country–specific) poverty lines."
TX.VAL.FOOD.ZS.UN,"Food exports (% of merchandise exports)","Food comprises the commodities in SITC sections 0 (food and live animals), 1 (beverages and tobacco), and 4 (animal and vegetable oils and fats) and SITC division 22 (oil seeds, oil nuts, and oil kernels).","World Bank staff estimates from the Comtrade database maintained by the United Nations Statistics Division."
TM.VAL.FOOD.ZS.UN,"Food imports (% of merchandise imports)","Food comprises the commodities in SITC sections 0 (food and live animals), 1 (beverages and tobacco), and 4 (animal and vegetable oils and fats) and SITC division 22 (oil seeds, oil nuts, and oil kernels).","World Bank staff estimates from the Comtrade database maintained by the United Nations Statistics Division."
TX.VAL.FUEL.ZS.UN,"Fuel exports (% of merchandise exports)","Fuels comprise SITC section 3 (mineral fuels).","World Bank staff estimates from the Comtrade database maintained by the United Nations Statistics Division."
TM.VAL.FUEL.ZS.UN,"Fuel imports (% of merchandise imports)","Fuels comprise the commodities in SITC section 3 (mineral fuels).","World Bank staff estimates from the Comtrade database maintained by the United Nations Statistics Division."
TG.VAL.TOTL.GD.ZS,"Merchandise trade (% of GDP)","Merchandise trade as a share of GDP is the sum of merchandise exports and imports divided by the value of GDP, all in current U.S. dollars.","World Trade Organization, and World Bank GDP estimates."
TX.VAL.MMTL.ZS.UN,"Ores and metals exports (% of merchandise exports)","Ores and metals comprise the commodities in SITC sections 27 (crude fertilizer, minerals nes); 28 (metalliferous ores, scrap); and 68 (non-ferrous metals).","World Bank staff estimates from the Comtrade database maintained by the United Nations Statistics Division."
TM.VAL.MMTL.ZS.UN,"Ores and metals imports (% of merchandise imports)","Ores and metals comprise commodities in SITC sections 27 (crude fertilizer, minerals nes); 28 (metalliferous ores, scrap); and 68 (non-ferrous metals).","World Bank staff estimates from the Comtrade database maintained by the United Nations Statistics Division."
IC.TAX.METG,"Number of visits or required meetings with tax officials","Number of visits or required meetings with tax officials is the number of visits or required meetings with tax officials during the year.","World Bank, Enterprise Surveys (http://www.enterprisesurveys.org/)."
IC.BUS.NDNS.ZS,"New business density (new registrations per 1,000 people ages 15-64)","New businesses registered are the number of new limited liability corporations registered in the calendar year.","World Bank's Entrepreneurship Survey and database (http://econ.worldbank.org/research/entrepreneurship)."
IC.BUS.NREG,"New businesses registered (number)","New businesses registered are the number of new limited liability corporations registered in the calendar year.","World Bank's Entrepreneurship Survey and database (http://econ.worldbank.org/research/entrepreneurship)."
IC.TAX.PRFT.CP.ZS,"Profit tax (% of commercial profits)","Profit tax is the amount of taxes on profits paid by the business.","World Bank, Doing Business project (http://www.doingbusiness.org/)."
IC.GOV.DURS.ZS,"Time spent dealing with the requirements of government regulations (% of senior management time)","Time spent dealing with the requirements of government regulations is the proportion of senior management's time, in a typical week, that is spent dealing with the requirements imposed by government regulations (e.g., taxes, customs, labor regulations, licensing and registration, including dealings with officials, and completing forms).","World Bank, Enterprise Surveys (http://www.enterprisesurveys.org/)."
IC.TAX.TOTL.CP.ZS,"Total tax rate (% of commercial profits)","Total tax rate measures the amount of taxes and mandatory contributions payable by businesses after accounting for allowable deductions and exemptions as a share of commercial profits. Taxes withheld (such as personal income tax) or collected and remitted to tax authorities (such as value added taxes, sales taxes or goods and service taxes) are excluded.","World Bank, Doing Business project (http://www.doingbusiness.org/)."
MS.MIL.TOTL.TF.ZS,"Armed forces personnel (% of total labor force)","Armed forces personnel are active duty military personnel, including paramilitary forces if the training, organization, equipment, and control suggest they may be used to support or replace regular military forces. Labor force comprises all people who meet the International Labour Organization's definition of the economically active population.","International Institute for Strategic Studies, The Military Balance."
VC.BTL.DETH,"Battle-related deaths (number of people)","Battle-related deaths are deaths in battle-related conflicts between warring parties in the conflict dyad (two conflict units that are parties to a conflict). Typically, battle-related deaths occur in warfare involving the armed forces of the warring parties. This includes traditional battlefield fighting, guerrilla activities, and all kinds of bombardments of military units, cities, and villages, etc. The targets are usually the military itself and its installations or state institutions and state representatives, but there is often substantial collateral damage in the form of civilians being killed in crossfire, in indiscriminate bombings, etc. All deaths--military as well as civilian--incurred in such situations, are counted as battle-related deaths.","Uppsala Conflict Data Program, http://www.pcr.uu.se/research/ucdp/."
MS.MIL.MPRT.KD,"Arms imports (SIPRI trend indicator values)","Arms transfers cover the supply of military weapons through sales, aid, gifts, and those made through manufacturing licenses. Data cover major conventional weapons such as aircraft, armored vehicles, artillery, radar systems, missiles, and ships designed for military use. Excluded are transfers of other military equipment such as small arms and light weapons, trucks, small artillery, ammunition, support equipment, technology transfers, and other services.","Stockholm International Peace Research Institute (SIPRI), Arms Transfers Programme (http://portal.sipri.org/publications/pages/transfer/splash)."
MS.MIL.XPRT.KD,"Arms exports (SIPRI trend indicator values)","Arms transfers cover the supply of military weapons through sales, aid, gifts, and those made through manufacturing licenses. Data cover major conventional weapons such as aircraft, armored vehicles, artillery, radar systems, missiles, and ships designed for military use. Excluded are transfers of other military equipment such as small arms and light weapons, trucks, small artillery, ammunition, support equipment, technology transfers, and other services.","Stockholm International Peace Research Institute (SIPRI), Arms Transfers Programme (http://portal.sipri.org/publications/pages/transfer/splash)."
MS.MIL.TOTL.P1,"Armed forces personnel, total","Armed forces personnel are active duty military personnel, including paramilitary forces if the training, organization, equipment, and control suggest they may be used to support or replace regular military forces.","International Institute for Strategic Studies, The Military Balance."
GC.DOD.TOTL.GD.ZS,"Central government debt, total (% of GDP)","Debt is the entire stock of direct government fixed-term contractual obligations to others outstanding on a particular date. It includes domestic and foreign liabilities such as currency and money deposits, securities other than shares, and loans. It is the gross amount of government liabilities reduced by the amount of equity and financial derivatives held by the government. Because debt is a stock rather than a flow, it is measured as of a given date, usually the last day of the fiscal year.","International Monetary Fund, Government Finance Statistics Yearbook and data files, and World Bank and OECD GDP estimates."
GC.TAX.IMPT.ZS,"Customs and other import duties (% of tax revenue)","Customs and other import duties are all levies collected on goods that are entering the country or services delivered by nonresidents to residents. They include levies imposed for revenue or protection purposes and determined on a specific or ad valorem basis as long as they are restricted to imported goods or services.","International Monetary Fund, Government Finance Statistics Yearbook and data files."
GC.XPN.TOTL.GD.ZS,"Expense (% of GDP)","Expense is cash payments for operating activities of the government in providing goods and services. It includes compensation of employees (such as wages and salaries), interest and subsidies, grants, social benefits, and other expenses such as rent and dividends.","International Monetary Fund, Government Finance Statistics Yearbook and data files, and World Bank and OECD GDP estimates."
SG.GEN.LSOM.ZS,"Female legislators, senior officials and managers (% of total)","Female legislators, senior officials and managers (% of total) refers to the share of legislators, senior officials and managers who are female.","ILO Key Indicators of the Labour Market (KILM)."
VC.IHR.PSRC.P5,"Intentional homicides (per 100,000 people)","Intentional homicides are estimates of unlawful homicides purposely inflicted as a result of domestic disputes, interpersonal violence, violent conflicts over land resources, intergang violence over turf or control, and predatory violence and killing by armed groups. Intentional homicide does not include all intentional killing; the difference is usually in the organization of the killing. Individuals or small groups usually commit homicide, whereas killing in armed conflict is usually committed by fairly cohesive groups of up to several hundred members and is thus usually excluded.","UN Office on Drugs and Crime's International Homicide Statistics database."
GC.XPN.INTP.ZS,"Interest payments (% of expense)","Interest payments include interest payments on government debt--including long-term bonds, long-term loans, and other debt instruments--to domestic and foreign residents.","International Monetary Fund, Government Finance Statistics Yearbook and data files."
GC.XPN.INTP.RV.ZS,"Interest payments (% of revenue)","Interest payments include interest payments on government debt--including long-term bonds, long-term loans, and other debt instruments--to domestic and foreign residents.","International Monetary Fund, Government Finance Statistics Yearbook and data files."
VC.IDP.TOTL.HE,"Internally displaced persons (number, high estimate)","Internally displaced persons are people or groups of people who have been forced or obliged to flee or to leave their homes or places of habitual residence, in particular as a result of armed conflict, or to avoid the effects of armed conflict, situations of generalized violence, violations of human rights, or natural or human-made disasters and who have not crossed an international border.","Internal Displacement Monitoring Centre."
VC.IDP.TOTL.LE,"Internally displaced persons (number, low estimate)","Internally displaced persons are people or groups of people who have been forced or obliged to flee or to leave their homes or places of habitual residence, in particular as a result of armed conflict, or to avoid the effects of armed conflict, situations of generalized violence, violations of human rights, or natural or human-made disasters and who have not crossed an international border.","Internal Displacement Monitoring Centre."
MS.MIL.XPND.ZS,"Military expenditure (% of central government expenditure)","Military expenditures data from SIPRI are derived from the NATO definition, which includes all current and capital expenditures on the armed forces, including peacekeeping forces; defense ministries and other government agencies engaged in defense projects; paramilitary forces, if these are judged to be trained and equipped for military operations; and military space activities. Such expenditures include military and civil personnel, including retirement pensions of military personnel and social services for personnel; operation and maintenance; procurement; military research and development; and military aid (in the military expenditures of the donor country). Excluded are civil defense and current expenditures for previous military activities, such as for veterans' benefits, demobilization, conversion, and destruction of weapons. This definition cannot be applied for all countries, however, since that would require much more detailed information than is available about what is included in military budgets and off-budget military expenditure items. (For example, military budgets might or might not cover civil defense, reserves and auxiliary forces, police and paramilitary forces, dual-purpose forces such as military and civilian police, military grants in kind, pensions for military personnel, and social security contributions paid by one part of government to another.)","Stockholm International Peace Research Institute (SIPRI), Yearbook: Armaments, Disarmament and International Security."
MS.MIL.XPND.GD.ZS,"Military expenditure (% of GDP)","Military expenditures data from SIPRI are derived from the NATO definition, which includes all current and capital expenditures on the armed forces, including peacekeeping forces; defense ministries and other government agencies engaged in defense projects; paramilitary forces, if these are judged to be trained and equipped for military operations; and military space activities. Such expenditures include military and civil personnel, including retirement pensions of military personnel and social services for personnel; operation and maintenance; procurement; military research and development; and military aid (in the military expenditures of the donor country). Excluded are civil defense and current expenditures for previous military activities, such as for veterans' benefits, demobilization, conversion, and destruction of weapons. This definition cannot be applied for all countries, however, since that would require much more detailed information than is available about what is included in military budgets and off-budget military expenditure items. (For example, military budgets might or might not cover civil defense, reserves and auxiliary forces, police and paramilitary forces, dual-purpose forces such as military and civilian police, military grants in kind, pensions for military personnel, and social security contributions paid by one part of government to another.)","Stockholm International Peace Research Institute (SIPRI), Yearbook: Armaments, Disarmament and International Security."
IQ.SCI.OVRL,"Overall level of statistical capacity (scale 0 - 100)","The Statistical Capacity Indicator is a composite score assessing the capacity of a country’s statistical system. It is based on a diagnostic framework assessing the following areas: methodology; data sources; and periodicity and timeliness. Countries are scored against 25 criteria in these areas, using publicly available information and/or country input. The overall Statistical Capacity score is then calculated as a simple average of all three area scores on a scale of 0-100.","World Bank, Bulletin Board on Statistical Capacity (http://bbsc.worldbank.org)."
VC.PKP.TOTL.UN,"Presence of peace keepers (number of troops, police, and military observers in mandate)","Presence of peacebuilders and peacekeepers are active in peacebuilding and peacekeeping. Peacebuilding reduces the risk of lapsing or relapsing into conflict by strengthening national capacities at all levels of for conflict management, and to lay the foundation for sustainable peace and development. Peacekeepers provide essential security to preserve the peace, however fragile, where fighting has been halted, and to assist in implementing agreements achieved by the peacemakers. Peacekeepers deploy to war-torn regions where no one else is willing or able to go and prevent conflict from returning or escalating. Peacekeepers include police, troops, and military observers.","UN Department of Peacekeeping Operations, http://www.un.org/en/peacekeeping/."
SG.GEN.PARL.ZS,"Proportion of seats held by women in national parliaments (%)","Women in parliaments are the percentage of parliamentary seats in a single or lower chamber held by women.","Inter-Parliamentary Union (IPU) (www.ipu.org)."
GC.REV.XGRT.GD.ZS,"Revenue, excluding grants (% of GDP)","Revenue is cash receipts from taxes, social contributions, and other revenues such as fines, fees, rent, and income from property or sales. Grants are also considered as revenue but are excluded here.","International Monetary Fund, Government Finance Statistics Yearbook and data files, and World Bank and OECD GDP estimates."
GC.REV.SOCL.ZS,"Social contributions (% of revenue)","Social contributions include social security contributions by employees, employers, and self-employed individuals, and other contributions whose source cannot be determined. They also include actual or imputed contributions to social insurance schemes operated by governments.","International Monetary Fund, Government Finance Statistics Yearbook and data files."
GC.XPN.TRFT.ZS,"Subsidies and other transfers (% of expense)","Subsidies, grants, and other social benefits include all unrequited, nonrepayable transfers on current account to private and public enterprises; grants to foreign governments, international organizations, and other government units; and social security, social assistance benefits, and employer social benefits in cash and in kind.","International Monetary Fund, Government Finance Statistics Yearbook and data files."
GC.TAX.TOTL.GD.ZS,"Tax revenue (% of GDP)","Tax revenue refers to compulsory transfers to the central government for public purposes. Certain compulsory transfers such as fines, penalties, and most social security contributions are excluded. Refunds and corrections of erroneously collected tax revenue are treated as negative revenue.","International Monetary Fund, Government Finance Statistics Yearbook and data files, and World Bank and OECD GDP estimates."
GC.TAX.EXPT.ZS,"Taxes on exports (% of tax revenue)","Taxes on exports are all levies on goods being transported out of the country or services being delivered to nonresidents by residents. Rebates on exported goods that are repayments of previously paid general consumption taxes, excise taxes, or import duties are deducted from the gross amounts receivable from these taxes, not from amounts receivable from export taxes.","International Monetary Fund, Government Finance Statistics Yearbook and data files."
GC.TAX.INTT.RV.ZS,"Taxes on international trade (% of revenue)","Taxes on international trade include import duties, export duties, profits of export or import monopolies, exchange profits, and exchange taxes.","International Monetary Fund, Government Finance Statistics Yearbook and data files."
